"code","name"
0,"Not identifiable or not in an MSA"
40,"Abilene, TX"
60,"Aguadilla, PR"
80,"Akron, OH"
120,"Albany, GA"
160,"Albany-Schenectady-Troy, NY"
200,"Albuquerque, NM"
220,"Alexandria, LA"
240,"Allentown-Bethlehem-Easton, PA/NJ"
280,"Altoona, PA"
320,"Amarillo, TX"
380,"Anchorage, AK"
400,"Anderson, IN"
440,"Ann Arbor, MI"
450,"Anniston, AL"
460,"Appleton-Oskosh-Neenah, WI"
470,"Arecibo, PR"
480,"Asheville, NC"
500,"Athens, GA"
520,"Atlanta, GA"
560,"Atlantic City, NJ"
580,"Auburn-Opelika, AL"
600,"Augusta-Aiken, GA-SC"
640,"Austin, TX"
680,"Bakersfield, CA"
720,"Baltimore, MD"
730,"Bangor, ME"
740,"Barnstable-Yarmouth, MA"
760,"Baton Rouge, LA"
780,"Battle Creek, MI"
840,"Beaumont-Port Arthur-Orange,TX"
860,"Bellingham, WA"
870,"Benton Harbor, MI"
880,"Billings, MT"
920,"Biloxi-Gulfport, MS"
960,"Binghamton, NY"
1000,"Birmingham, AL"
1010,"Bismarck,ND"
1020,"Bloomington, IN"
1040,"Bloomington-Normal, IL"
1080,"Boise City, ID"
1120,"Boston, MA"
1121,"Lawrence-Haverhill, MA/NH"
1122,"Lowell, MA/NH"
1123,"Salem-Gloucester, MA"
1140,"Bradenton, FL"
1150,"Bremerton, WA"
1160,"Bridgeport, CT"
1200,"Brockton, MA"
1240,"Brownsville-Harlingen-San Benito, TX"
1260,"Bryan-College Station, TX"
1280,"Buffalo-Niagara Falls, NY"
1281,"Niagara Falls, NY"
1300,"Burlington, NC"
1310,"Burlington, VT"
1320,"Canton, OH"
1330,"Caguas, PR"
1350,"Casper, WY"
1360,"Cedar Rapids, IA"
1400,"Champaign-Urbana-Rantoul, IL"
1440,"Charleston-N.Charleston,SC"
1480,"Charleston, WV"
1520,"Charlotte-Gastonia-Rock Hill, SC"
1521,"Rock Hill, SC"
1540,"Charlottesville, VA"
1560,"Chattanooga, TN/GA"
1580,"Cheyenne, WY"
1600,"Chicago-Gary-Lake, IL"
1601,"Aurora-Elgin, IL"
1602,"Gary-Hammond-East Chicago, IN"
1603,"Joliet IL"
1604,"Lake County, IL"
1620,"Chico, CA"
1640,"Cincinnati OH/KY/IN"
1660,"Clarksville-Hopkinsville, TN/KY"
1680,"Cleveland, OH"
1720,"Colorado Springs, CO"
1740,"Columbia, MO"
1760,"Columbia, SC"
1800,"Columbus, GA/AL"
1840,"Columbus, OH"
1880,"Corpus Christi, TX"
1900,"Cumberland, MD/WV"
1920,"Dallas-Fort Worth, TX"
1921,"Fort Worth-Arlington, TX"
1930,"Danbury, CT"
1950,"Danville, VA"
1960,"Davenport, IA Rock Island-Moline, IL"
2000,"Dayton-Springfield, OH"
2001,"Springfield, OH"
2020,"Daytona Beach, FL"
2030,"Decatur, AL"
2040,"Decatur, IL"
2080,"Denver-Boulder-Longmont, CO"
2081,"Boulder-Longmont, CO"
2120,"Des Moines, IA"
2121,"Polk, IA"
2160,"Detroit, MI"
2180,"Dothan, AL"
2190,"Dover, DE"
2200,"Dubuque, IA"
2240,"Duluth-Superior, MN/WI"
2281,"Dutchess Co., NY"
2290,"Eau Claire, WI"
2310,"El Paso, TX"
2320,"Elkhart-Goshen, IN"
2330,"Elmira, NY"
2340,"Enid, OK"
2360,"Erie, PA"
2400,"Eugene-Springfield, OR"
2440,"Evansville, IN/KY"
2520,"Fargo-Morehead, ND/MN"
2560,"Fayetteville, NC"
2580,"Fayetteville-Springdale, AR"
2600,"Fitchburg-Leominster, MA"
2620,"Flagstaff, AZ-UT"
2640,"Flint, MI"
2650,"Florence, AL"
2660,"Florence, SC"
2670,"Fort Collins-Loveland, CO"
2680,"Fort Lauderdale-Hollywood-Pompano Beach, FL"
2700,"Fort Myers-Cape Coral, FL"
2710,"Fort Pierce, FL"
2720,"Fort Smith, AR/OK"
2750,"Fort Walton Beach, FL"
2760,"Fort Wayne, IN"
2840,"Fresno, CA"
2880,"Gadsden, AL"
2900,"Gainesville, FL"
2920,"Galveston-Texas City, TX"
2970,"Glens Falls, NY"
2980,"Goldsboro, NC"
2990,"Grand Forks, ND/MN"
3000,"Grand Rapids, MI"
3010,"Grand Junction, CO"
3040,"Great Falls, MT"
3060,"Greeley, CO"
3080,"Green Bay, WI"
3120,"Greensboro-Winston Salem-High Point, NC"
3121,"Winston-Salem, NC"
3150,"Greenville, NC"
3160,"Greenville-Spartanburg-Anderson SC"
3161,"Anderson, SC"
3180,"Hagerstown, MD"
3200,"Hamilton-Middleton, OH"
3240,"Harrisburg-Lebanon-Carlisle, PA"
3280,"Hartford-Bristol-Middleton-New Britain, CT"
3281,"Bristol, CT"
3282,"Middletown, CT"
3283,"New Britain, CT"
3290,"Hickory-Morgantown, NC"
3300,"Hattiesburg, MS"
3320,"Honolulu, HI"
3350,"Houma-Thibodoux, LA"
3360,"Houston-Brazoria, TX"
3361,"Brazoria, TX"
3400,"Huntington-Ashland, WV/KY/OH"
3440,"Huntsville, AL"
3480,"Indianapolis, IN"
3500,"Iowa City, IA"
3520,"Jackson, MI"
3560,"Jackson, MS"
3580,"Jackson, TN"
3590,"Jacksonville, FL"
3600,"Jacksonville, NC"
3610,"Jamestown-Dunkirk, NY"
3620,"Janesville-Beloit, WI"
3660,"Johnson City-Kingsport-Bristol, TN/VA"
3680,"Johnstown, PA"
3710,"Joplin, MO"
3720,"Kalamazoo-Portage, MI"
3740,"Kankakee, IL"
3760,"Kansas City, MO-KS"
3800,"Kenosha, WI"
3810,"Kileen-Temple, TX"
3840,"Knoxville, TN"
3850,"Kokomo, IN"
3870,"LaCrosse, WI"
3880,"Lafayette, LA"
3920,"Lafayette-W. Lafayette, IN"
3960,"Lake Charles, LA"
3980,"Lakeland-Winterhaven, FL"
4000,"Lancaster, PA"
4040,"Lansing-E. Lansing, MI"
4080,"Laredo, TX"
4100,"Las Cruces, NM"
4120,"Las Vegas, NV"
4150,"Lawrence, KS"
4200,"Lawton, OK"
4240,"Lewiston-Auburn, ME"
4280,"Lexington-Fayette, KY"
4320,"Lima, OH"
4360,"Lincoln, NE"
4400,"Little Rock-North Little Rock, AR"
4410,"Long Branch-Asbury Park,NJ"
4420,"Longview-Marshall, TX"
4440,"Lorain-Elyria, OH"
4480,"Los Angeles-Long Beach, CA"
4481,"Anaheim-Santa Ana-Garden Grove, CA"
4482,"Orange County, CA"
4520,"Louisville, KY/IN"
4600,"Lubbock, TX"
4640,"Lynchburg, VA"
4680,"Macon-Warner Robins, GA"
4720,"Madison, WI"
4760,"Manchester, NH"
4800,"Mansfield, OH"
4840,"Mayaguez, PR"
4880,"McAllen-Edinburg-Pharr-Mission, TX"
4890,"Medford, OR"
4900,"Melbourne-Titusville-Cocoa-Palm Bay, FL"
4920,"Memphis, TN/AR/MS"
4940,"Merced, CA"
5000,"Miami-Hialeah, FL"
5040,"Midland, TX"
5080,"Milwaukee, WI"
5120,"Minneapolis-St. Paul, MN"
5140,"Missoula, MT"
5160,"Mobile, AL"
5170,"Modesto, CA"
5190,"Monmouth-Ocean, NJ"
5200,"Monroe, LA"
5240,"Montgomery, AL"
5280,"Muncie, IN"
5320,"Muskegon-Norton Shores-Muskegon Heights, MI"
5330,"Myrtle Beach, SC"
5340,"Naples, FL"
5350,"Nashua, NH"
5360,"Nashville, TN"
5400,"New Bedford, MA"
5460,"New Brunswick-Perth Amboy-Sayreville, NJ"
5480,"New Haven-Meriden, CT"
5481,"Meriden"
5482,"New Haven, CT"
5520,"New London-Norwich, CT/RI"
5560,"New Orleans, LA"
5600,"New York-Northeastern NJ"
5601,"Nassau Co, NY"
5602,"Bergen-Passaic, NJ"
5603,"Jersey City, NJ"
5604,"Middlesex-Somerset-Hunterdon, NJ"
5605,"Newark, NJ"
5640,"Newark, OH"
5660,"Newburgh-Middletown, NY"
5720,"Norfolk-VA Beach-Newport News, VA"
5721,"Newport News-Hampton"
5722,"Norfolk- VA Beach-Portsmouth"
5760,"Norwalk, CT"
5790,"Ocala, FL"
5800,"Odessa, TX"
5880,"Oklahoma City, OK"
5910,"Olympia, WA"
5920,"Omaha, NE/IA"
5950,"Orange, NY"
5960,"Orlando, FL"
5990,"Owensboro, KY"
6010,"Panama City, FL"
6020,"Parkersburg-Marietta,WV/OH"
6030,"Pascagoula-Moss Point, MS"
6080,"Pensacola, FL"
6120,"Peoria, IL"
6160,"Philadelphia, PA/NJ"
6200,"Phoenix, AZ"
6240,"Pine Bluff, AR"
6280,"Pittsburgh-Beaver Valley, PA"
6281,"Beaver County, PA"
6320,"Pittsfield, MA"
6360,"Ponce, PR"
6400,"Portland, ME"
6440,"Portland-Vancouver, OR"
6441,"Vancouver, WA"
6450,"Portsmouth-Dover-Rochester, NH/ME"
6460,"Poughkeepsie, NY"
6480,"Providence-Fall River-Pawtucket, MA/RI"
6481,"Fall River, MA/RI"
6482,"Pawtuckett-Woonsocket-Attleboro, RI/MA"
6520,"Provo-Orem, UT"
6560,"Pueblo, CO"
6580,"Punta Gorda, FL"
6600,"Racine, WI"
6640,"Raleigh-Durham, NC"
6641,"Durham, NC"
6660,"Rapid City, SD"
6680,"Reading, PA"
6690,"Redding, CA"
6720,"Reno, NV"
6740,"Richland-Kennewick-Pasco, WA"
6760,"Richmond-Petersburg, VA"
6761,"Petersburg-Colonial Heights, VA"
6780,"Riverside-San Bernardino,CA"
6781,"San Bernardino, CA"
6800,"Roanoke, VA"
6820,"Rochester, MN"
6840,"Rochester, NY"
6880,"Rockford, IL"
6895,"Rocky Mount, NC"
6920,"Sacramento, CA"
6960,"Saginaw-Bay City-Midland, MI"
6961,"Bay City, MI"
6980,"St. Cloud, MN"
7000,"St. Joseph, MO"
7040,"St. Louis, MO-IL"
7080,"Salem, OR"
7120,"Salinas-Sea Side-Monterey, CA"
7140,"Salisbury-Concord, NC"
7160,"Salt Lake City-Ogden, UT"
7161,"Ogden"
7200,"San Angelo, TX"
7240,"San Antonio, TX"
7320,"San Diego, CA"
7360,"San Francisco-Oakland-Vallejo, CA"
7361,"Oakland, CA"
7362,"Vallejo-Fairfield-Napa, CA"
7400,"San Jose, CA"
7440,"San Juan-Bayamon, PR"
7460,"San Luis Obispo-Atascad-P Robles, CA"
7470,"Santa Barbara-Santa Maria-Lompoc, CA"
7480,"Santa Cruz, CA"
7490,"Santa Fe, NM"
7500,"Santa Rosa-Petaluma, CA"
7510,"Sarasota, FL"
7520,"Savannah, GA"
7560,"Scranton-Wilkes-Barre, PA"
7561,"Wilkes-Barre-Hazelton, PA"
7600,"Seattle-Everett, WA"
7610,"Sharon, PA"
7620,"Sheboygan, WI"
7640,"Sherman-Denison, TX"
7680,"Shreveport, LA"
7720,"Sioux City, IA/NE"
7760,"Sioux Falls, SD"
7800,"South Bend-Mishawaka, IN"
7840,"Spokane, WA"
7880,"Springfield, IL"
7920,"Springfield, MO"
8000,"Springfield-Holyoke-Chicopee, MA"
8040,"Stamford, CT"
8050,"State College, PA"
8080,"Steubenville-Weirton,OH/WV"
8120,"Stockton, CA"
8140,"Sumter, SC"
8160,"Syracuse, NY"
8200,"Tacoma, WA"
8240,"Tallahassee, FL"
8280,"Tampa-St. Petersburg-Clearwater, FL"
8320,"Terre Haute, IN"
8360,"Texarkana, TX/AR"
8400,"Toledo, OH/MI"
8440,"Topeka, KS"
8480,"Trenton, NJ"
8520,"Tucson, AZ"
8560,"Tulsa, OK"
8600,"Tuscaloosa, AL"
8640,"Tyler, TX"
8680,"Utica-Rome, NY"
8730,"Ventura-Oxnard-Simi Valley, CA"
8750,"Victoria, TX"
8760,"Vineland-Milville-Bridgetown, NJ"
8780,"Visalia-Tulare-Porterville, CA"
8800,"Waco, TX"
8840,"Washington, DC/MD/VA"
8880,"Waterbury, CT"
8920,"Waterloo-Cedar Falls, IA"
8940,"Wausau, WI"
8960,"West Palm Beach-Boca Raton-Delray Beach, FL"
9000,"Wheeling, WV/OH"
9040,"Wichita, KS"
9080,"Wichita Falls, TX"
9140,"Williamsport, PA"
9160,"Wilmington, DE/NJ/MD"
9200,"Wilmington, NC"
9240,"Worcester, MA"
9260,"Yakima, WA"
9270,"Yolo, CA"
9280,"York, PA"
9320,"Youngstown-Warren, OH-PA"
9340,"Yuba City, CA"
9360,"Yuma, AZ"
