"code","name"
11,"New England Division"
12,"Middle Atlantic Division"
13,"Mixed Northeast Divisions (1970 Metro)"
21,"East North Central Div."
22,"West North Central Div."
23,"Mixed Midwest Divisions (1970 Metro)"
31,"South Atlantic Division"
32,"East South Central Div."
33,"West South Central Div."
34,"Mixed Southern Divisions (1970 Metro)"
41,"Mountain Division"
42,"Pacific Division"
43,"Mixed Western Divisions (1970 Metro)"
91,"Military/Military reservations"
92,"PUMA boundaries cross state lines-1% sample"
97,"State not identified"
99,"Not identified"
